"DESCRIPTION","DURATION IN MS","NAME","PARENT SUITE","START TIME","STATUS","STOP TIME","SUB SUITE","SUITE","TEST CLASS","TEST METHOD"
"Test the registration endpoint with missing password and verify the appropriate error message is returned.","299","Unsuccessful Registration","","Wed Aug 14 00:40:09 AMT 2024","passed","Wed Aug 14 00:40:10 AMT 2024","","Registration Tests","",""
"Test the GET endpoint to ensure that requesting a non-existent user ID returns a 404 status code and an empty response body.","234","User Not Found","","Wed Aug 14 00:40:11 AMT 2024","passed","Wed Aug 14 00:40:11 AMT 2024","","Get Tests","",""
"Test the POST endpoint for login with missing password and verify that the appropriate error message is returned.","210","Unsuccessful Login","","Wed Aug 14 00:40:10 AMT 2024","passed","Wed Aug 14 00:40:10 AMT 2024","","Login Tests","",""
"Test the GET endpoint to retrieve users from page 2 and verify the structure and content of the response.","41","Get All Users","","Wed Aug 14 00:40:11 AMT 2024","passed","Wed Aug 14 00:40:11 AMT 2024","","Get Tests","",""
"Test the DELETE endpoint to verify that a user can be successfully deleted.","418","Successful User Deletion","","Wed Aug 14 00:40:09 AMT 2024","passed","Wed Aug 14 00:40:09 AMT 2024","","Delete Tests","",""
"Test the PUT endpoint to update user information and verify the update with correct response fields.","353","Update User","","Wed Aug 14 00:40:11 AMT 2024","passed","Wed Aug 14 00:40:11 AMT 2024","","Update Tests","",""
"Test the login endpoint with valid credentials and verify successful login.","408","Successful Login","","Wed Aug 14 00:40:10 AMT 2024","passed","Wed Aug 14 00:40:10 AMT 2024","","Login Tests","",""
"Test the user creation endpoint with valid data and verify successful creation.","216","Successful User Creation","","Wed Aug 14 00:40:10 AMT 2024","passed","Wed Aug 14 00:40:11 AMT 2024","","User Creation Tests","",""
"Test the PATCH endpoint to verify that partial updates to user details are applied successfully.","226","Partial Update User Details","","Wed Aug 14 00:40:11 AMT 2024","passed","Wed Aug 14 00:40:12 AMT 2024","","Patch Tests","",""
"Test the registration endpoint with valid credentials and verify successful registration.","202","Successful Registration","","Wed Aug 14 00:40:09 AMT 2024","passed","Wed Aug 14 00:40:09 AMT 2024","","Registration Tests","",""
"Test the GET endpoint to retrieve a specific user by ID and verify the user details.","45","Get User by ID","","Wed Aug 14 00:40:11 AMT 2024","passed","Wed Aug 14 00:40:11 AMT 2024","","Get Tests","",""
